{
	"credit": "Made with Blockbench",
	"textures": {
		"0": "block/acacia_planks",
		"1": "block/iron_block",
		"3": "block/oak_planks",
		"4": "block/glowstone",
		"particle": "block/acacia_planks"
	},
	"elements": [
		{
			"from": [8.2, 0.3, 2.6],
			"to": [8.6, 0.7, 8.9],
			"faces": {
				"north": {"uv": [5, 0, 5.26667, 3.12668], "texture": "#3"},
				"east": {"uv": [4.2, 0.20476, 5, 3.12668], "texture": "#3"},
				"south": {"uv": [5, 0, 5.44444, 1.07906], "texture": "#3"},
				"west": {"uv": [2, 4.09524, 4, 5.1743], "texture": "#3"},
				"up": {"uv": [1, 0.19048, 3, 0], "texture": "#3"},
				"down": {"uv": [1, 6.14286, 1.44444, 8.80476], "texture": "#3"}
			}
		},
		{
			"from": [7.9, 0, 2],
			"to": [8.9, 1, 3],
			"faces": {
				"north": {"uv": [0, 0, 15.82389, 11.89415], "texture": "#4"},
				"east": {"uv": [0, 0, 15.03084, 15.57677], "texture": "#4"},
				"south": {"uv": [4.86615, 0, 13.21653, 12.44977], "texture": "#4"},
				"west": {"uv": [0, 0, 15.95, 6.40471], "texture": "#4"},
				"up": {"uv": [0, 14.28782, 15.95, 0], "texture": "#4"},
				"down": {"uv": [0, 0, 13.75715, 12.57677], "texture": "#4"}
			}
		},
		{
			"from": [6.6, 0.1, 4.5],
			"to": [7.6, 0.8, 5],
			"faces": {
				"north": {"uv": [0, 0, 6.72, 15.9], "texture": "#0"},
				"east": {"uv": [0, 0, 3.36, 15.9], "texture": "#0"},
				"south": {"uv": [0, 0, 6.72, 15.9], "texture": "#0"},
				"west": {"uv": [0, 0, 3.36, 15.9], "texture": "#0"},
				"up": {"uv": [0, 0, 6.72, 11.35714], "texture": "#0"},
				"down": {"uv": [0, 0, 6.72, 11.35714], "texture": "#0"}
			}
		},
		{
			"from": [6.1, 0.1, 5],
			"to": [7.1, 0.8, 5.5],
			"faces": {
				"north": {"uv": [0, 0, 6.72, 15.9], "texture": "#0"},
				"east": {"uv": [0, 0, 3.36, 15.9], "texture": "#0"},
				"south": {"uv": [0, 0, 6.72, 15.9], "texture": "#0"},
				"west": {"uv": [0, 0, 3.36, 15.9], "texture": "#0"},
				"up": {"uv": [0, 0, 6.72, 11.35714], "texture": "#0"},
				"down": {"uv": [0, 0, 6.72, 11.35714], "texture": "#0"}
			}
		},
		{
			"from": [5.2, 0.1, 5.3],
			"to": [6.4, 0.8, 5.8],
			"faces": {
				"north": {"uv": [0, 0, 8.064, 15.9], "texture": "#0"},
				"east": {"uv": [0, 0, 3.36, 15.9], "texture": "#0"},
				"south": {"uv": [0, 0, 8.064, 15.9], "texture": "#0"},
				"west": {"uv": [0, 0, 3.36, 15.9], "texture": "#0"},
				"up": {"uv": [0, 0, 8.064, 11.35714], "texture": "#0"},
				"down": {"uv": [0, 0, 8.064, 11.35714], "texture": "#0"}
			}
		},
		{
			"from": [5.1, 0, 5.2],
			"to": [6, 0.9, 5.9],
			"faces": {
				"north": {"uv": [0, 0, 8.064, 15.9], "texture": "#4"},
				"east": {"uv": [0, 0, 3.36, 15.9], "texture": "#4"},
				"south": {"uv": [0, 0, 8.064, 15.9], "texture": "#4"},
				"west": {"uv": [0, 0, 3.36, 15.9], "texture": "#4"},
				"up": {"uv": [0, 0, 8.064, 11.35714], "texture": "#4"},
				"down": {"uv": [0, 0, 8.064, 11.35714], "texture": "#4"}
			}
		},
		{
			"from": [11, 0, 5.2],
			"to": [11.8, 0.9, 5.9],
			"faces": {
				"north": {"uv": [7.936, 0, 16, 15.9], "texture": "#4"},
				"east": {"uv": [7.936, 0, 11.296, 15.9], "texture": "#4"},
				"south": {"uv": [7.936, 0, 16, 15.9], "texture": "#4"},
				"west": {"uv": [7.936, 0, 11.296, 15.9], "texture": "#4"},
				"up": {"uv": [7.936, 0, 16, 11.35714], "texture": "#4"},
				"down": {"uv": [7.936, 0, 16, 11.35714], "texture": "#4"}
			}
		},
		{
			"from": [9.9, 0.1, 5],
			"to": [10.9, 0.8, 5.5],
			"faces": {
				"north": {"uv": [0, 0, 6.72, 15.9], "texture": "#0"},
				"east": {"uv": [0, 0, 3.36, 15.9], "texture": "#0"},
				"south": {"uv": [0, 0, 6.72, 15.9], "texture": "#0"},
				"west": {"uv": [0, 0, 3.36, 15.9], "texture": "#0"},
				"up": {"uv": [0, 0, 6.72, 11.35714], "texture": "#0"},
				"down": {"uv": [0, 0, 6.72, 11.35714], "texture": "#0"}
			}
		},
		{
			"from": [10.4, 0.1, 5.3],
			"to": [11.7, 0.8, 5.8],
			"rotation": {"angle": 0, "axis": "y", "origin": [-0.2, 0, 0]},
			"faces": {
				"north": {"uv": [0, 0, 8.736, 15.9], "texture": "#0"},
				"east": {"uv": [0, 0, 3.36, 15.9], "texture": "#0"},
				"south": {"uv": [0, 0, 8.736, 15.9], "texture": "#0"},
				"west": {"uv": [0, 0, 3.36, 15.9], "texture": "#0"},
				"up": {"uv": [0, 0, 8.736, 11.35714], "texture": "#0"},
				"down": {"uv": [0, 0, 8.736, 11.35714], "texture": "#0"}
			}
		},
		{
			"from": [8.19167, 0.4, 0.5603],
			"to": [12.19167, 0.6, 0.6603],
			"rotation": {"angle": -45, "axis": "y", "origin": [0.59167, 0, -0.1397]},
			"faces": {
				"north": {"uv": [0, 0, 16, 16.2], "texture": "#1"},
				"east": {"uv": [0, 0, 0.4, 16.2], "texture": "#1"},
				"south": {"uv": [0, 0, 16, 16.2], "texture": "#1"},
				"west": {"uv": [0, 0, 0.4, 16.2], "texture": "#1"},
				"up": {"uv": [0, 0, 16, 8.1], "texture": "#1"},
				"down": {"uv": [0, 0, 16, 8.1], "texture": "#1"}
			}
		},
		{
			"from": [0.08127, 0.4, 11.63101],
			"to": [4.08127, 0.6, 11.73101],
			"rotation": {"angle": 45, "axis": "y", "origin": [0.58127, 0, -0.06899]},
			"faces": {
				"north": {"uv": [0, 0, 16, 16.2], "texture": "#1"},
				"east": {"uv": [0, 0, 0.4, 16.2], "texture": "#1"},
				"south": {"uv": [0, 0, 16, 16.2], "texture": "#1"},
				"west": {"uv": [0, 0, 0.4, 16.2], "texture": "#1"},
				"up": {"uv": [0, 0, 16, 8.1], "texture": "#1"},
				"down": {"uv": [0, 0, 16, 8.1], "texture": "#1"}
			}
		},
		{
			"from": [9.3, 0.1, 4.5],
			"to": [10.3, 0.8, 5],
			"faces": {
				"north": {"uv": [0, 0, 6.72, 15.9], "texture": "#0"},
				"east": {"uv": [0, 0, 3.36, 15.9], "texture": "#0"},
				"south": {"uv": [0, 0, 6.72, 15.9], "texture": "#0"},
				"west": {"uv": [0, 0, 3.36, 15.9], "texture": "#0"},
				"up": {"uv": [0, 0, 6.72, 11.35714], "texture": "#0"},
				"down": {"uv": [0, 0, 6.72, 11.35714], "texture": "#0"}
			}
		},
		{
			"from": [7.2, 0.1, 4],
			"to": [9.7, 0.8, 4.5],
			"faces": {
				"north": {"uv": [0, 0, 15.8, 16], "texture": "#1"},
				"east": {"uv": [0, 0, 15.66, 16], "texture": "#1"},
				"south": {"uv": [0, 0, 15.8, 16], "texture": "#1"},
				"west": {"uv": [0, 0, 15.66, 16], "texture": "#1"},
				"up": {"uv": [0, 0, 15.8, 16], "texture": "#1"},
				"down": {"uv": [0, 0, 15.8, 16], "texture": "#1"}
			}
		}
	],
	"display": {
		"thirdperson_righthand": {
			"rotation": [89.5, 0, 0],
			"translation": [-0.75, 0.5, 15.75],
			"scale": [2, 2, 2]
		},
		"thirdperson_lefthand": {
			"rotation": [71, 0, 0],
			"translation": [1, 6, 15.25],
			"scale": [2, 2, 2]
		},
		"firstperson_righthand": {
			"translation": [-10, 26, 6],
			"scale": [3.5, 3.5, 3.5]
		},
		"firstperson_lefthand": {
			"translation": [-8.75, 21, 0],
			"scale": [3, 3, 3]
		},
		"ground": {
			"translation": [0, 13.25, 0],
			"scale": [2, 2, 2]
		},
		"gui": {
			"rotation": [39, 136, 0],
			"translation": [4.5, 18.75, 0],
			"scale": [2, 3, 2]
		}
	}
}