{
	"credit": "Made with Blockbench",
	"textures": {
		"0": "block/acacia_planks",
		"1": "block/iron_block",
		"2": "block/acacia_log_top",
		"3": "block/oak_planks",
		"particle": "block/acacia_planks"
	},
	"elements": [
		{
			"from": [8.2, 0.3, 2.6],
			"to": [8.6, 0.7, 8.9],
			"faces": {
				"north": {"uv": [5, 0, 5.26667, 3.12668], "texture": "#3"},
				"east": {"uv": [4.2, 0.20476, 5, 3.12668], "texture": "#3"},
				"south": {"uv": [5, 0, 5.44444, 1.07906], "texture": "#3"},
				"west": {"uv": [2, 4.09524, 4, 5.1743], "texture": "#3"},
				"up": {"uv": [1, 0.19048, 3, 0], "texture": "#3"},
				"down": {"uv": [1, 6.14286, 1.44444, 8.80476], "texture": "#3"}
			}
		},
		{
			"from": [8.2, 0, 2.4],
			"to": [8.3, 1, 2.6],
			"faces": {
				"north": {"uv": [0, 0, 1.73, 17.1], "texture": "#1"},
				"east": {"uv": [0, 0, 3.46, 17.1], "texture": "#1"},
				"south": {"uv": [0, 0, 1.73, 17.1], "texture": "#1"},
				"west": {"uv": [0, 0, 3.46, 17.1], "texture": "#1"},
				"up": {"uv": [0, 0, 1.73, 3.42], "texture": "#1"},
				"down": {"uv": [0, 0, 1.73, 3.42], "texture": "#1"}
			}
		},
		{
			"from": [8.5, 0, 2.4],
			"to": [8.6, 1, 2.6],
			"faces": {
				"north": {"uv": [0, 0, 1.73, 17.1], "texture": "#1"},
				"east": {"uv": [0, 0, 3.46, 17.1], "texture": "#1"},
				"south": {"uv": [0, 0, 1.73, 17.1], "texture": "#1"},
				"west": {"uv": [0, 0, 3.46, 17.1], "texture": "#1"},
				"up": {"uv": [0, 0, 1.73, 3.42], "texture": "#1"},
				"down": {"uv": [0, 0, 1.73, 3.42], "texture": "#1"}
			}
		},
		{
			"from": [8.4, 0, 2.3],
			"to": [8.5, 1, 2.5],
			"faces": {
				"north": {"uv": [0, 0, 1.73, 17.1], "texture": "#1"},
				"east": {"uv": [0, 0, 3.46, 17.1], "texture": "#1"},
				"south": {"uv": [0, 0, 1.73, 17.1], "texture": "#1"},
				"west": {"uv": [0, 0, 3.46, 17.1], "texture": "#1"},
				"up": {"uv": [0, 0, 1.73, 3.42], "texture": "#1"},
				"down": {"uv": [0, 0, 1.73, 3.42], "texture": "#1"}
			}
		},
		{
			"from": [8.3, 0, 2.3],
			"to": [8.4, 1, 2.5],
			"faces": {
				"north": {"uv": [0, 0, 1.73, 17.1], "texture": "#1"},
				"east": {"uv": [0, 0, 3.46, 17.1], "texture": "#1"},
				"south": {"uv": [0, 0, 1.73, 17.1], "texture": "#1"},
				"west": {"uv": [0, 0, 3.46, 17.1], "texture": "#1"},
				"up": {"uv": [0, 0, 1.73, 3.42], "texture": "#1"},
				"down": {"uv": [0, 0, 1.73, 3.42], "texture": "#1"}
			}
		},
		{
			"from": [8, 0, 2.8],
			"to": [8.8, 1, 2.9],
			"faces": {
				"north": {"uv": [0, 0, 13.84, 17.1], "texture": "#1"},
				"east": {"uv": [0, 0, 1.73, 17.1], "texture": "#1"},
				"south": {"uv": [0, 0, 13.84, 17.1], "texture": "#1"},
				"west": {"uv": [0, 0, 1.73, 17.1], "texture": "#1"},
				"up": {"uv": [0, 0, 13.84, 1.71], "texture": "#1"},
				"down": {"uv": [0, 0, 13.84, 1.71], "texture": "#1"}
			}
		},
		{
			"from": [7.9, 0, 2.9],
			"to": [8.9, 1, 3],
			"faces": {
				"north": {"uv": [0, 0, 17.3, 17.1], "texture": "#1"},
				"east": {"uv": [0, 0, 1.73, 17.1], "texture": "#1"},
				"south": {"uv": [0, 0, 17.3, 17.1], "texture": "#1"},
				"west": {"uv": [0, 0, 1.73, 17.1], "texture": "#1"},
				"up": {"uv": [0, 0, 17.3, 1.71], "texture": "#1"},
				"down": {"uv": [0, 0, 17.3, 1.71], "texture": "#1"}
			}
		},
		{
			"from": [5.85426, 0, 4.51539],
			"to": [5.95426, 1, 5.51539],
			"rotation": {"angle": 22.5, "axis": "y", "origin": [0.55426, 0, -0.88461]},
			"faces": {
				"north": {"uv": [0, 0, 1.73, 17.1], "texture": "#1"},
				"east": {"uv": [0, 0, 17.3, 17.1], "texture": "#1"},
				"south": {"uv": [0, 0, 1.73, 17.1], "texture": "#1"},
				"west": {"uv": [0, 0, 17.3, 17.1], "texture": "#1"},
				"up": {"uv": [0, 0, 17.3, 1.71], "rotation": 270, "texture": "#1"},
				"down": {"uv": [0, 0, 17.3, 1.71], "rotation": 90, "texture": "#1"}
			}
		},
		{
			"from": [9.2098, 0, -1.26021],
			"to": [9.3098, 1, -0.26021],
			"rotation": {"angle": -22.5, "axis": "y", "origin": [0.9098, 0, 0.33979]},
			"faces": {
				"north": {"uv": [0, 0, 1.73, 17.1], "texture": "#1"},
				"east": {"uv": [0, 0, 17.3, 17.1], "texture": "#1"},
				"south": {"uv": [0, 0, 1.73, 17.1], "texture": "#1"},
				"west": {"uv": [0, 0, 17.3, 17.1], "texture": "#1"},
				"up": {"uv": [0, 0, 17.3, 1.71], "rotation": 270, "texture": "#1"},
				"down": {"uv": [0, 0, 17.3, 1.71], "rotation": 90, "texture": "#1"}
			}
		},
		{
			"from": [6.6, 0.1, 4.5],
			"to": [7.6, 0.8, 5],
			"faces": {
				"north": {"uv": [0, 0, 6.72, 15.9], "texture": "#0"},
				"east": {"uv": [0, 0, 3.36, 15.9], "texture": "#0"},
				"south": {"uv": [0, 0, 6.72, 15.9], "texture": "#0"},
				"west": {"uv": [0, 0, 3.36, 15.9], "texture": "#0"},
				"up": {"uv": [0, 0, 6.72, 11.35714], "texture": "#0"},
				"down": {"uv": [0, 0, 6.72, 11.35714], "texture": "#0"}
			}
		},
		{
			"from": [6.1, 0.1, 5],
			"to": [7.1, 0.8, 5.5],
			"faces": {
				"north": {"uv": [0, 0, 6.72, 15.9], "texture": "#0"},
				"east": {"uv": [0, 0, 3.36, 15.9], "texture": "#0"},
				"south": {"uv": [0, 0, 6.72, 15.9], "texture": "#0"},
				"west": {"uv": [0, 0, 3.36, 15.9], "texture": "#0"},
				"up": {"uv": [0, 0, 6.72, 11.35714], "texture": "#0"},
				"down": {"uv": [0, 0, 6.72, 11.35714], "texture": "#0"}
			}
		},
		{
			"from": [5.2, 0.1, 5.3],
			"to": [6.4, 0.8, 5.8],
			"faces": {
				"north": {"uv": [0, 0, 8.064, 15.9], "texture": "#0"},
				"east": {"uv": [0, 0, 3.36, 15.9], "texture": "#0"},
				"south": {"uv": [0, 0, 8.064, 15.9], "texture": "#0"},
				"west": {"uv": [0, 0, 3.36, 15.9], "texture": "#0"},
				"up": {"uv": [0, 0, 8.064, 11.35714], "texture": "#0"},
				"down": {"uv": [0, 0, 8.064, 11.35714], "texture": "#0"}
			}
		},
		{
			"from": [9.9, 0.1, 5],
			"to": [10.9, 0.8, 5.5],
			"faces": {
				"north": {"uv": [0, 0, 6.72, 15.9], "texture": "#0"},
				"east": {"uv": [0, 0, 3.36, 15.9], "texture": "#0"},
				"south": {"uv": [0, 0, 6.72, 15.9], "texture": "#0"},
				"west": {"uv": [0, 0, 3.36, 15.9], "texture": "#0"},
				"up": {"uv": [0, 0, 6.72, 11.35714], "texture": "#0"},
				"down": {"uv": [0, 0, 6.72, 11.35714], "texture": "#0"}
			}
		},
		{
			"from": [10.4, 0.1, 5.3],
			"to": [11.7, 0.8, 5.8],
			"rotation": {"angle": 0, "axis": "y", "origin": [-0.2, 0, 0]},
			"faces": {
				"north": {"uv": [0, 0, 8.736, 15.9], "texture": "#0"},
				"east": {"uv": [0, 0, 3.36, 15.9], "texture": "#0"},
				"south": {"uv": [0, 0, 8.736, 15.9], "texture": "#0"},
				"west": {"uv": [0, 0, 3.36, 15.9], "texture": "#0"},
				"up": {"uv": [0, 0, 8.736, 11.35714], "texture": "#0"},
				"down": {"uv": [0, 0, 8.736, 11.35714], "texture": "#0"}
			}
		},
		{
			"from": [8.19167, 0.4, 0.5603],
			"to": [12.19167, 0.6, 0.6603],
			"rotation": {"angle": -45, "axis": "y", "origin": [0.59167, 0, -0.1397]},
			"faces": {
				"north": {"uv": [0, 0, 16, 16.2], "texture": "#1"},
				"east": {"uv": [0, 0, 0.4, 16.2], "texture": "#1"},
				"south": {"uv": [0, 0, 16, 16.2], "texture": "#1"},
				"west": {"uv": [0, 0, 0.4, 16.2], "texture": "#1"},
				"up": {"uv": [0, 0, 16, 8.1], "texture": "#1"},
				"down": {"uv": [0, 0, 16, 8.1], "texture": "#1"}
			}
		},
		{
			"from": [0.08127, 0.4, 11.63101],
			"to": [4.08127, 0.6, 11.73101],
			"rotation": {"angle": 45, "axis": "y", "origin": [0.58127, 0, -0.06899]},
			"faces": {
				"north": {"uv": [0, 0, 16, 16.2], "texture": "#1"},
				"east": {"uv": [0, 0, 0.4, 16.2], "texture": "#1"},
				"south": {"uv": [0, 0, 16, 16.2], "texture": "#1"},
				"west": {"uv": [0, 0, 0.4, 16.2], "texture": "#1"},
				"up": {"uv": [0, 0, 16, 8.1], "texture": "#1"},
				"down": {"uv": [0, 0, 16, 8.1], "texture": "#1"}
			}
		},
		{
			"from": [9.3, 0.1, 4.5],
			"to": [10.3, 0.8, 5],
			"faces": {
				"north": {"uv": [0, 0, 6.72, 15.9], "texture": "#0"},
				"east": {"uv": [0, 0, 3.36, 15.9], "texture": "#0"},
				"south": {"uv": [0, 0, 6.72, 15.9], "texture": "#0"},
				"west": {"uv": [0, 0, 3.36, 15.9], "texture": "#0"},
				"up": {"uv": [0, 0, 6.72, 11.35714], "texture": "#0"},
				"down": {"uv": [0, 0, 6.72, 11.35714], "texture": "#0"}
			}
		},
		{
			"from": [7.2, 0.1, 4],
			"to": [9.7, 0.8, 4.5],
			"faces": {
				"north": {"uv": [0, 0, 15.8, 16], "texture": "#2"},
				"east": {"uv": [0, 0, 15.66, 16], "texture": "#2"},
				"south": {"uv": [0, 0, 15.8, 16], "texture": "#2"},
				"west": {"uv": [0, 0, 15.66, 16], "texture": "#2"},
				"up": {"uv": [0, 0, 15.8, 16], "texture": "#2"},
				"down": {"uv": [0, 0, 15.8, 16], "texture": "#2"}
			}
		}
	],
	"display": {
		"thirdperson_righthand": {
			"rotation": [89.5, 0, 0],
			"translation": [-0.75, 0.5, 15.75],
			"scale": [2, 2, 2]
		},
		"thirdperson_lefthand": {
			"rotation": [71, 0, 0],
			"translation": [1, 6, 15.25],
			"scale": [2, 2, 2]
		},
		"firstperson_righthand": {
			"translation": [-10, 26, 6],
			"scale": [3.5, 3.5, 3.5]
		},
		"firstperson_lefthand": {
			"translation": [-8.75, 21, 0],
			"scale": [3, 3, 3]
		},
		"ground": {
			"translation": [0, 13.25, 0],
			"scale": [2, 2, 2]
		},
		"gui": {
			"rotation": [39, 136, 0],
			"translation": [4.5, 18.75, 0],
			"scale": [2, 3, 2]
		}
	}
}