{
	"credit": "Made with Blockbench",
	"textures": {
		"0": "item/right_arrow",
		"particle": "item/right_arrow"
	},
	"elements": [
		{
			"from": [0, 0, 0],
			"to": [17, 15, 1],
			"faces": {
				"north": {"uv": [0, 0, 16, 15], "texture": "#0"},
				"east": {"uv": [0, 0, 1, 15], "texture": "#0"},
				"south": {"uv": [0, 0, 16, 15], "texture": "#0"},
				"west": {"uv": [0, 0, 1, 15], "texture": "#0"},
				"up": {"uv": [0, 0, 16, 1], "texture": "#0"},
				"down": {"uv": [0, 0, 16, 1], "texture": "#0"}
			}
		}
	],
	"display": {
		"gui": {
			"translation": [-0.5, 0.75, 0]
		}
	}
}