{
	"credit": "Made with Blockbench",
	"textures": {
		"0": "block/glass",
		"1": "block/bone_block_side",
		"2": "block/gray_shulker_box",
		"3": "block/jigsaw_bottom",
		"4": "block/dispenser_front",
		"particle": "block/glass"
	},
	"elements": [
		{
			"from": [6.8, 7.5, -0.3],
			"to": [8.2, 8.5, 1.8],
			"faces": {
				"north": {"uv": [12, 0, 13.66935, 1.07797], "texture": "#4"},
				"east": {"uv": [12, 0, 13.44677, 1.07797], "texture": "#4"},
				"south": {"uv": [12, 0, 13.66935, 1.07797], "texture": "#4"},
				"west": {"uv": [12, 0, 13.44677, 1.07797], "texture": "#4"},
				"up": {"uv": [12, 0, 13.44677, 1.2], "texture": "#4"},
				"down": {"uv": [12, 0, 13.42452, 1.07797], "texture": "#4"}
			}
		},
		{
			"name": "hexadecagon",
			"from": [7.42044, 7.6, -0.5],
			"to": [7.57956, 8.4, 5.5],
			"rotation": {"angle": -45, "axis": "z", "origin": [7.5, 8, 5]},
			"faces": {
				"north": {"uv": [14.03454, 6, 13.43169, 6.65932], "texture": "#4"},
				"east": {"uv": [13.27488, 6, 14.10557, 6.65932], "texture": "#4"},
				"south": {"uv": [14.66758, 6, 14.06473, 6.65932], "texture": "#4"},
				"west": {"uv": [14.35106, 6, 13.27488, 6.65932], "texture": "#4"},
				"up": {"uv": [14.35106, 6, 15, 6.03973], "texture": "#4"},
				"down": {"uv": [14.35106, 6, 14.93527, 6.03973], "texture": "#4"}
			}
		},
		{
			"name": "hexadecagon",
			"from": [7.42044, 7.6, -0.5],
			"to": [7.57956, 8.4, 5.5],
			"rotation": {"angle": -22.5, "axis": "z", "origin": [7.5, 8, 5]},
			"faces": {
				"north": {"uv": [14.03454, 6, 13.43169, 6.65932], "texture": "#4"},
				"east": {"uv": [13.27488, 6, 14.10557, 6.65932], "texture": "#4"},
				"south": {"uv": [14.66758, 6, 14.06473, 6.65932], "texture": "#4"},
				"west": {"uv": [14.35106, 6, 13.27488, 6.65932], "texture": "#4"},
				"up": {"uv": [14.35106, 6, 15, 6.03973], "texture": "#4"},
				"down": {"uv": [14.35106, 6, 14.93527, 6.03973], "texture": "#4"}
			}
		},
		{
			"name": "hexadecagon",
			"from": [7.42044, 7.6, -0.5],
			"to": [7.57956, 8.4, 5.5],
			"rotation": {"angle": 0, "axis": "z", "origin": [7.5, 8, 5]},
			"faces": {
				"north": {"uv": [14.03454, 6, 13.43169, 6.65932], "texture": "#4"},
				"east": {"uv": [13.27488, 6, 14.10557, 6.65932], "texture": "#4"},
				"south": {"uv": [14.66758, 6, 14.06473, 6.65932], "texture": "#4"},
				"west": {"uv": [14.35106, 6, 13.27488, 6.65932], "texture": "#4"},
				"up": {"uv": [14.35106, 6, 15, 6.03973], "texture": "#4"},
				"down": {"uv": [14.35106, 6, 14.93527, 6.03973], "texture": "#4"}
			}
		},
		{
			"name": "hexadecagon",
			"from": [7.42044, 7.6, -0.5],
			"to": [7.57956, 8.4, 5.5],
			"rotation": {"angle": 22.5, "axis": "z", "origin": [7.5, 8, 5]},
			"faces": {
				"north": {"uv": [14.03454, 6, 13.43169, 6.65932], "texture": "#4"},
				"east": {"uv": [13.27488, 6, 14.10557, 6.65932], "texture": "#4"},
				"south": {"uv": [14.66758, 6, 14.06473, 6.65932], "texture": "#4"},
				"west": {"uv": [14.35106, 6, 13.27488, 6.65932], "texture": "#4"},
				"up": {"uv": [14.35106, 6, 15, 6.03973], "texture": "#4"},
				"down": {"uv": [14.35106, 6, 14.93527, 6.03973], "texture": "#4"}
			}
		},
		{
			"name": "hexadecagon",
			"from": [7.42044, 7.6, -0.5],
			"to": [7.57956, 8.4, 5.5],
			"rotation": {"angle": 45, "axis": "z", "origin": [7.5, 8, 5]},
			"faces": {
				"north": {"uv": [14.03454, 6, 13.43169, 6.65932], "texture": "#4"},
				"east": {"uv": [13.27488, 6, 14.10557, 6.65932], "texture": "#4"},
				"south": {"uv": [14.66758, 6, 14.06473, 6.65932], "texture": "#4"},
				"west": {"uv": [14.35106, 6, 13.27488, 6.65932], "texture": "#4"},
				"up": {"uv": [14.35106, 6, 15, 6.03973], "texture": "#4"},
				"down": {"uv": [14.35106, 6, 14.93527, 6.03973], "texture": "#4"}
			}
		},
		{
			"name": "hexadecagon",
			"from": [7.1, 7.92044, -0.5],
			"to": [7.9, 8.07956, 5.5],
			"rotation": {"angle": -22.5, "axis": "z", "origin": [7.5, 8, 5]},
			"faces": {
				"north": {"uv": [14.03454, 6, 13.43169, 6.65932], "texture": "#4"},
				"east": {"uv": [13.27488, 6, 14.10557, 6.65932], "texture": "#4"},
				"south": {"uv": [14.66758, 6, 14.06473, 6.65932], "texture": "#4"},
				"west": {"uv": [14.35106, 6, 13.27488, 6.65932], "texture": "#4"},
				"up": {"uv": [14.35106, 6, 15, 6.03973], "texture": "#4"},
				"down": {"uv": [14.35106, 6, 14.93527, 6.03973], "texture": "#4"}
			}
		},
		{
			"name": "hexadecagon",
			"from": [7.1, 7.92044, -0.5],
			"to": [7.9, 8.07956, 5.5],
			"rotation": {"angle": 0, "axis": "z", "origin": [7.5, 8, 5]},
			"faces": {
				"north": {"uv": [14.03454, 6, 13.43169, 6.65932], "texture": "#4"},
				"east": {"uv": [13.27488, 6, 14.10557, 6.65932], "texture": "#4"},
				"south": {"uv": [14.66758, 6, 14.06473, 6.65932], "texture": "#4"},
				"west": {"uv": [14.35106, 6, 13.27488, 6.65932], "texture": "#4"},
				"up": {"uv": [14.35106, 6, 15, 6.03973], "texture": "#4"},
				"down": {"uv": [14.35106, 6, 14.93527, 6.03973], "texture": "#4"}
			}
		},
		{
			"name": "hexadecagon",
			"from": [7.1, 7.92044, -0.5],
			"to": [7.9, 8.07956, 5.5],
			"rotation": {"angle": 22.5, "axis": "z", "origin": [7.5, 8, 5]},
			"faces": {
				"north": {"uv": [14.03454, 6, 13.43169, 6.65932], "texture": "#4"},
				"east": {"uv": [13.27488, 6, 14.10557, 6.65932], "texture": "#4"},
				"south": {"uv": [14.66758, 6, 14.06473, 6.65932], "texture": "#4"},
				"west": {"uv": [14.35106, 6, 13.27488, 6.65932], "texture": "#4"},
				"up": {"uv": [14.35106, 6, 15, 6.03973], "texture": "#4"},
				"down": {"uv": [14.35106, 6, 14.93527, 6.03973], "texture": "#4"}
			}
		},
		{
			"name": "hexadecagon",
			"from": [7.47016, 7.85, 5.5],
			"to": [7.52984, 8.15, 6.9],
			"rotation": {"angle": -45, "axis": "z", "origin": [7.5, 8, 6]},
			"faces": {
				"north": {"uv": [0, 0, 1, 1], "texture": "#3"},
				"east": {"uv": [0, 0, 1, 1], "texture": "#3"},
				"south": {"uv": [0, 0, 1, 1], "texture": "#3"},
				"west": {"uv": [0, 0, 1, 1], "texture": "#3"},
				"up": {"uv": [0, 0, 1, 1], "texture": "#3"},
				"down": {"uv": [0, 0, 1, 1], "texture": "#3"}
			}
		},
		{
			"name": "hexadecagon",
			"from": [7.47016, 7.85, 5.5],
			"to": [7.52984, 8.15, 6.9],
			"rotation": {"angle": -22.5, "axis": "z", "origin": [7.5, 8, 6]},
			"faces": {
				"north": {"uv": [0, 0, 1, 1], "texture": "#3"},
				"east": {"uv": [0, 0, 1, 1], "texture": "#3"},
				"south": {"uv": [0, 0, 1, 1], "texture": "#3"},
				"west": {"uv": [0, 0, 1, 1], "texture": "#3"},
				"up": {"uv": [0, 0, 1, 1], "texture": "#3"},
				"down": {"uv": [0, 0, 1, 1], "texture": "#3"}
			}
		},
		{
			"name": "hexadecagon",
			"from": [7.47016, 7.85, 5.5],
			"to": [7.52984, 8.15, 6.9],
			"rotation": {"angle": 0, "axis": "z", "origin": [7.5, 8, 6]},
			"faces": {
				"north": {"uv": [0, 0, 1, 1], "texture": "#3"},
				"east": {"uv": [0, 0, 1, 1], "texture": "#3"},
				"south": {"uv": [0, 0, 1, 1], "texture": "#3"},
				"west": {"uv": [0, 0, 1, 1], "texture": "#3"},
				"up": {"uv": [0, 0, 1, 1], "texture": "#3"},
				"down": {"uv": [0, 0, 1, 1], "texture": "#3"}
			}
		},
		{
			"name": "hexadecagon",
			"from": [7.47016, 7.85, 5.5],
			"to": [7.52984, 8.15, 6.9],
			"rotation": {"angle": 22.5, "axis": "z", "origin": [7.5, 8, 6]},
			"faces": {
				"north": {"uv": [0, 0, 1, 1], "texture": "#3"},
				"east": {"uv": [0, 0, 1, 1], "texture": "#3"},
				"south": {"uv": [0, 0, 1, 1], "texture": "#3"},
				"west": {"uv": [0, 0, 1, 1], "texture": "#3"},
				"up": {"uv": [0, 0, 1, 1], "texture": "#3"},
				"down": {"uv": [0, 0, 1, 1], "texture": "#3"}
			}
		},
		{
			"name": "hexadecagon",
			"from": [7.47016, 7.85, 5.5],
			"to": [7.52984, 8.15, 6.9],
			"rotation": {"angle": 45, "axis": "z", "origin": [7.5, 8, 6]},
			"faces": {
				"north": {"uv": [0, 0, 1, 1], "texture": "#3"},
				"east": {"uv": [0, 0, 1, 1], "texture": "#3"},
				"south": {"uv": [0, 0, 1, 1], "texture": "#3"},
				"west": {"uv": [0, 0, 1, 1], "texture": "#3"},
				"up": {"uv": [0, 0, 1, 1], "texture": "#3"},
				"down": {"uv": [0, 0, 1, 1], "texture": "#3"}
			}
		},
		{
			"name": "hexadecagon",
			"from": [7.35, 7.97016, 5.5],
			"to": [7.65, 8.02984, 6.9],
			"rotation": {"angle": -22.5, "axis": "z", "origin": [7.5, 8, 6]},
			"faces": {
				"north": {"uv": [0, 0, 1, 1], "texture": "#3"},
				"east": {"uv": [0, 0, 1, 1], "texture": "#3"},
				"south": {"uv": [0, 0, 1, 1], "texture": "#3"},
				"west": {"uv": [0, 0, 1, 1], "texture": "#3"},
				"up": {"uv": [0, 0, 1, 1], "texture": "#3"},
				"down": {"uv": [0, 0, 1, 1], "texture": "#3"}
			}
		},
		{
			"name": "hexadecagon",
			"from": [7.35, 7.97016, 5.5],
			"to": [7.65, 8.02984, 6.9],
			"rotation": {"angle": 0, "axis": "z", "origin": [7.5, 8, 6]},
			"faces": {
				"north": {"uv": [0, 0, 1, 1], "texture": "#3"},
				"east": {"uv": [0, 0, 1, 1], "texture": "#3"},
				"south": {"uv": [0, 0, 1, 1], "texture": "#3"},
				"west": {"uv": [0, 0, 1, 1], "texture": "#3"},
				"up": {"uv": [0, 0, 1, 1], "texture": "#3"},
				"down": {"uv": [0, 0, 1, 1], "texture": "#3"}
			}
		},
		{
			"name": "hexadecagon",
			"from": [7.35, 7.97016, 5.5],
			"to": [7.65, 8.02984, 6.9],
			"rotation": {"angle": 22.5, "axis": "z", "origin": [7.5, 8, 6]},
			"faces": {
				"north": {"uv": [0, 0, 1, 1], "texture": "#3"},
				"east": {"uv": [0, 0, 1, 1], "texture": "#3"},
				"south": {"uv": [0, 0, 1, 1], "texture": "#3"},
				"west": {"uv": [0, 0, 1, 1], "texture": "#3"},
				"up": {"uv": [0, 0, 1, 1], "texture": "#3"},
				"down": {"uv": [0, 0, 1, 1], "texture": "#3"}
			}
		},
		{
			"name": "octagon",
			"from": [7.29289, 7.5, 6.5],
			"to": [7.70711, 8.5, 23.4],
			"rotation": {"angle": 45, "axis": "z", "origin": [7.5, 8, 7]},
			"faces": {
				"north": {"uv": [2.99561, 1, 16.0545, 16], "texture": "#1"},
				"east": {"uv": [2.99561, 1, 16.0545, 16], "texture": "#1"},
				"south": {"uv": [2.99561, 1, 16.0545, 16], "texture": "#1"},
				"west": {"uv": [2.99561, 1, 16.0545, 16], "texture": "#1"},
				"up": {"uv": [2.99561, 1, 16.0545, 16], "texture": "#1"},
				"down": {"uv": [2.99561, 1, 16.0545, 16], "texture": "#1"}
			}
		},
		{
			"name": "octagon",
			"from": [7.29289, 7.5, 6.5],
			"to": [7.70711, 8.5, 23.4],
			"rotation": {"angle": 0, "axis": "z", "origin": [7.5, 8, 7]},
			"faces": {
				"north": {"uv": [2.99561, 1, 16.0545, 16], "texture": "#1"},
				"east": {"uv": [2.99561, 1, 16.0545, 16], "texture": "#1"},
				"south": {"uv": [2.99561, 1, 16.0545, 16], "texture": "#1"},
				"west": {"uv": [2.99561, 1, 16.0545, 16], "texture": "#1"},
				"up": {"uv": [2.99561, 1, 16.0545, 16], "texture": "#1"},
				"down": {"uv": [2.99561, 1, 16.0545, 16], "texture": "#1"}
			}
		},
		{
			"name": "octagon",
			"from": [7, 7.79289, 6.5],
			"to": [8, 8.20711, 23.4],
			"rotation": {"angle": 45, "axis": "z", "origin": [7.5, 8, 7]},
			"faces": {
				"north": {"uv": [2.99561, 1, 16.0545, 16], "texture": "#1"},
				"east": {"uv": [2.99561, 1, 16.0545, 16], "texture": "#1"},
				"south": {"uv": [2.99561, 1, 16.0545, 16], "texture": "#1"},
				"west": {"uv": [2.99561, 1, 16.0545, 16], "texture": "#1"},
				"up": {"uv": [2.99561, 1, 16.0545, 16], "texture": "#1"},
				"down": {"uv": [2.99561, 1, 16.0545, 16], "texture": "#1"}
			}
		},
		{
			"name": "octagon",
			"from": [7, 7.79289, 6.5],
			"to": [8, 8.20711, 23.4],
			"rotation": {"angle": 0, "axis": "z", "origin": [7.5, 8, 7]},
			"faces": {
				"north": {"uv": [2.99561, 1, 16.0545, 16], "texture": "#1"},
				"east": {"uv": [2.99561, 1, 16.0545, 16], "texture": "#1"},
				"south": {"uv": [2.99561, 1, 16.0545, 16], "texture": "#1"},
				"west": {"uv": [2.99561, 1, 16.0545, 16], "texture": "#1"},
				"up": {"uv": [2.99561, 1, 16.0545, 16], "texture": "#1"},
				"down": {"uv": [2.99561, 1, 16.0545, 16], "texture": "#1"}
			}
		},
		{
			"from": [7.3, 8.8, 10.4],
			"to": [7.7, 9, 13.5],
			"rotation": {"angle": 0, "axis": "y", "origin": [-0.5, -0.5, -0.5]},
			"faces": {
				"north": {"uv": [5.64688, 4.65854, 0.21036, 1.4923], "texture": "#3"},
				"east": {"uv": [5.64688, 4.65854, 11.29472, 1.4923], "texture": "#3"},
				"south": {"uv": [5.64688, 4.65854, 0.21036, 1.4923], "texture": "#3"},
				"west": {"uv": [5.43653, 4.83276, 11.08436, 1.66651], "texture": "#3"},
				"up": {"uv": [5.64688, 4.65854, 0.21036, 12.16724], "texture": "#3"},
				"down": {"uv": [5.64688, 4.65854, 0.21036, 12.16724], "texture": "#3"}
			}
		},
		{
			"from": [7.3, 9.87183, 10.4],
			"to": [7.7, 10.07183, 13.5],
			"rotation": {"angle": 0, "axis": "y", "origin": [-0.3, -0.52817, -0.5]},
			"faces": {
				"north": {"uv": [5.64688, 4.65854, 0.21036, 1.4923], "texture": "#3"},
				"east": {"uv": [5.64688, 4.65854, 11.29472, 1.4923], "texture": "#3"},
				"south": {"uv": [5.64688, 4.65854, 0.21036, 1.4923], "texture": "#3"},
				"west": {"uv": [5.43653, 4.83276, 11.08436, 1.66651], "texture": "#3"},
				"up": {"uv": [5.64688, 4.65854, 0.21036, 12.16724], "texture": "#3"},
				"down": {"uv": [5.64688, 4.65854, 0.21036, 12.16724], "texture": "#3"}
			}
		},
		{
			"from": [10.5696, 6.62351, 10.4],
			"to": [10.9696, 6.82351, 13.5],
			"rotation": {"angle": 22.5, "axis": "z", "origin": [0.9696, -0.77649, -0.5]},
			"faces": {
				"north": {"uv": [5.64688, 4.65854, 0.21036, 1.4923], "texture": "#3"},
				"east": {"uv": [5.64688, 4.65854, 11.29472, 1.4923], "texture": "#3"},
				"south": {"uv": [5.64688, 4.65854, 0.21036, 1.4923], "texture": "#3"},
				"west": {"uv": [5.43653, 4.83276, 11.08436, 1.66651], "texture": "#3"},
				"up": {"uv": [5.64688, 4.65854, 0.21036, 12.16724], "texture": "#3"},
				"down": {"uv": [5.64688, 4.65854, 0.21036, 12.16724], "texture": "#3"}
			}
		},
		{
			"from": [-1.19504, 9.90211, 10.4],
			"to": [-0.99504, 10.30211, 13.5],
			"rotation": {"angle": -45, "axis": "z", "origin": [2.40496, 0.30211, -0.5]},
			"faces": {
				"north": {"uv": [5.64688, 4.65854, 0.21036, 1.4923], "rotation": 90, "texture": "#3"},
				"east": {"uv": [5.64688, 4.65854, 0.21036, 12.16724], "rotation": 270, "texture": "#3"},
				"south": {"uv": [5.64688, 4.65854, 0.21036, 1.4923], "rotation": 270, "texture": "#3"},
				"west": {"uv": [5.43653, 4.83276, 0, 12.34146], "rotation": 270, "texture": "#3"},
				"up": {"uv": [5.64688, 4.65854, 11.29472, 1.4923], "rotation": 270, "texture": "#3"},
				"down": {"uv": [5.64688, 4.65854, 11.29472, 1.4923], "rotation": 270, "texture": "#3"}
			}
		},
		{
			"from": [10.85689, 5.52926, 10.4],
			"to": [11.25689, 5.72926, 13.5],
			"rotation": {"angle": 22.5, "axis": "z", "origin": [1.05689, -0.77074, -0.5]},
			"faces": {
				"north": {"uv": [5.64688, 4.65854, 0.21036, 1.4923], "texture": "#3"},
				"east": {"uv": [5.64688, 4.65854, 11.29472, 1.4923], "texture": "#3"},
				"south": {"uv": [5.64688, 4.65854, 0.21036, 1.4923], "texture": "#3"},
				"west": {"uv": [5.43653, 4.83276, 11.08436, 1.66651], "texture": "#3"},
				"up": {"uv": [5.64688, 4.65854, 0.21036, 12.16724], "texture": "#3"},
				"down": {"uv": [5.64688, 4.65854, 0.21036, 12.16724], "texture": "#3"}
			}
		},
		{
			"from": [15.39468, 3.86865, 10.4],
			"to": [15.79468, 4.06865, 13.5],
			"rotation": {"angle": 45, "axis": "z", "origin": [5.59468, -2.43135, -0.5]},
			"faces": {
				"north": {"uv": [5.64688, 4.65854, 0.21036, 1.4923], "texture": "#3"},
				"east": {"uv": [5.64688, 4.65854, 11.29472, 1.4923], "texture": "#3"},
				"south": {"uv": [5.64688, 4.65854, 0.21036, 1.4923], "texture": "#3"},
				"west": {"uv": [5.43653, 4.83276, 11.08436, 1.66651], "texture": "#3"},
				"up": {"uv": [5.64688, 4.65854, 0.21036, 12.16724], "texture": "#3"},
				"down": {"uv": [5.64688, 4.65854, 0.21036, 12.16724], "texture": "#3"}
			}
		},
		{
			"from": [-0.20889, 5.28287, 10.4],
			"to": [0.19111, 5.48287, 13.5],
			"rotation": {"angle": -45, "axis": "z", "origin": [7.99111, -1.01713, -0.5]},
			"faces": {
				"north": {"uv": [5.64688, 4.65854, 0.21036, 1.4923], "texture": "#3"},
				"east": {"uv": [5.64688, 4.65854, 11.29472, 1.4923], "texture": "#3"},
				"south": {"uv": [5.64688, 4.65854, 0.21036, 1.4923], "texture": "#3"},
				"west": {"uv": [5.43653, 4.83276, 11.08436, 1.66651], "texture": "#3"},
				"up": {"uv": [5.64688, 4.65854, 0.21036, 12.16724], "texture": "#3"},
				"down": {"uv": [5.64688, 4.65854, 0.21036, 12.16724], "texture": "#3"}
			}
		},
		{
			"from": [2.1321, 9.43014, 10.4],
			"to": [2.5321, 9.63014, 13.5],
			"rotation": {"angle": -22.5, "axis": "z", "origin": [3.3321, -2.86986, -0.5]},
			"faces": {
				"north": {"uv": [5.64688, 4.65854, 0.21036, 1.4923], "texture": "#3"},
				"east": {"uv": [5.64688, 4.65854, 11.29472, 1.4923], "texture": "#3"},
				"south": {"uv": [5.64688, 4.65854, 0.21036, 1.4923], "texture": "#3"},
				"west": {"uv": [5.43653, 4.83276, 11.08436, 1.66651], "texture": "#3"},
				"up": {"uv": [5.64688, 4.65854, 0.21036, 12.16724], "texture": "#3"},
				"down": {"uv": [5.64688, 4.65854, 0.21036, 12.16724], "texture": "#3"}
			}
		},
		{
			"from": [-1.99944, 10.41007, 10.4],
			"to": [-1.59944, 10.61007, 13.5],
			"rotation": {"angle": -45, "axis": "z", "origin": [2.20056, -1.88993, -1.5]},
			"faces": {
				"north": {"uv": [5.64688, 4.65854, 0.21036, 1.4923], "texture": "#3"},
				"east": {"uv": [5.64688, 4.65854, 11.29472, 1.4923], "texture": "#3"},
				"south": {"uv": [5.64688, 4.65854, 0.21036, 1.4923], "texture": "#3"},
				"west": {"uv": [5.43653, 4.83276, 11.08436, 1.66651], "texture": "#3"},
				"up": {"uv": [5.64688, 4.65854, 0.21036, 12.16724], "texture": "#3"},
				"down": {"uv": [5.64688, 4.65854, 0.21036, 12.16724], "texture": "#3"}
			}
		},
		{
			"from": [2.59675, 9.21607, 10.4],
			"to": [2.99675, 9.41607, 13.5],
			"rotation": {"angle": -22.5, "axis": "z", "origin": [6.79675, -3.08393, -1.5]},
			"faces": {
				"north": {"uv": [5.64688, 4.65854, 0.21036, 1.4923], "texture": "#3"},
				"east": {"uv": [5.64688, 4.65854, 11.29472, 1.4923], "texture": "#3"},
				"south": {"uv": [5.64688, 4.65854, 0.21036, 1.4923], "texture": "#3"},
				"west": {"uv": [5.43653, 4.83276, 11.08436, 1.66651], "texture": "#3"},
				"up": {"uv": [5.64688, 4.65854, 0.21036, 12.16724], "texture": "#3"},
				"down": {"uv": [5.64688, 4.65854, 0.21036, 12.16724], "texture": "#3"}
			}
		},
		{
			"from": [8.15239, 9.23592, 10.4],
			"to": [8.35239, 9.63592, 13.5],
			"rotation": {"angle": 0, "axis": "z", "origin": [4.65239, -2.56408, -0.5]},
			"faces": {
				"north": {"uv": [5.64688, 4.65854, 0.21036, 1.4923], "rotation": 90, "texture": "#3"},
				"east": {"uv": [5.64688, 4.65854, 0.21036, 12.16724], "rotation": 270, "texture": "#3"},
				"south": {"uv": [5.64688, 4.65854, 0.21036, 1.4923], "rotation": 270, "texture": "#3"},
				"west": {"uv": [5.43653, 4.83276, 0, 12.34146], "rotation": 270, "texture": "#3"},
				"up": {"uv": [5.64688, 4.65854, 11.29472, 1.4923], "rotation": 270, "texture": "#3"},
				"down": {"uv": [5.64688, 4.65854, 11.29472, 1.4923], "rotation": 270, "texture": "#3"}
			}
		},
		{
			"from": [6.64761, 9.23592, 10.4],
			"to": [6.84761, 9.63592, 13.5],
			"rotation": {"angle": 0, "axis": "z", "origin": [4.14761, -2.56408, -0.5]},
			"faces": {
				"north": {"uv": [5.64688, 4.65854, 0.21036, 1.4923], "rotation": 90, "texture": "#3"},
				"east": {"uv": [5.64688, 4.65854, 0.21036, 12.16724], "rotation": 270, "texture": "#3"},
				"south": {"uv": [5.64688, 4.65854, 0.21036, 1.4923], "rotation": 270, "texture": "#3"},
				"west": {"uv": [5.43653, 4.83276, 0, 12.34146], "rotation": 270, "texture": "#3"},
				"up": {"uv": [5.64688, 4.65854, 11.29472, 1.4923], "rotation": 270, "texture": "#3"},
				"down": {"uv": [5.64688, 4.65854, 11.29472, 1.4923], "rotation": 270, "texture": "#3"}
			}
		},
		{
			"from": [7.2, 8.1, 10.4],
			"to": [7.8, 8.9, 13.5],
			"rotation": {"angle": 0, "axis": "y", "origin": [-0.5, -0.2, -0.5]},
			"faces": {
				"north": {"uv": [5.64688, 4.65854, 1.03142, 3.70091], "texture": "#3"},
				"east": {"uv": [5.64688, 4.65854, 11.29472, 3.70091], "texture": "#3"},
				"south": {"uv": [5.64688, 4.65854, 1.03142, 3.70091], "texture": "#3"},
				"west": {"uv": [5.43653, 4.83276, 11.08436, 3.87512], "texture": "#3"},
				"up": {"uv": [5.64688, 4.65854, 1.03142, 12.16724], "texture": "#3"},
				"down": {"uv": [5.64688, 4.65854, 1.03142, 12.16724], "texture": "#3"}
			}
		},
		{
			"from": [7, 7.2, 12.9],
			"to": [8, 8.1, 14.8],
			"rotation": {"angle": 0, "axis": "y", "origin": [-0.5, 0, -0.6]},
			"faces": {
				"north": {"uv": [2.99561, 1, 16.0545, 16], "texture": "#1"},
				"east": {"uv": [2.99561, 1, 16.0545, 16], "texture": "#1"},
				"south": {"uv": [2.99561, 1, 16.0545, 16], "texture": "#1"},
				"west": {"uv": [2.99561, 1, 16.0545, 16], "texture": "#1"},
				"up": {"uv": [2.99561, 1, 16.0545, 16], "texture": "#1"},
				"down": {"uv": [2.99561, 1, 16.0545, 16], "texture": "#1"}
			}
		},
		{
			"from": [7, 6.5, 13.6],
			"to": [8, 8, 15.5],
			"rotation": {"angle": 0, "axis": "y", "origin": [-0.5, 0, -0.6]},
			"faces": {
				"north": {"uv": [2.99561, 1, 16.0545, 16], "texture": "#1"},
				"east": {"uv": [2.99561, 1, 16.0545, 16], "texture": "#1"},
				"south": {"uv": [2.99561, 1, 16.0545, 16], "texture": "#1"},
				"west": {"uv": [2.99561, 1, 16.0545, 16], "texture": "#1"},
				"up": {"uv": [2.99561, 1, 16.0545, 16], "texture": "#1"},
				"down": {"uv": [2.99561, 1, 16.0545, 16], "texture": "#1"}
			}
		},
		{
			"from": [7, 7.1, 17.3],
			"to": [8, 8, 19.2],
			"rotation": {"angle": 0, "axis": "y", "origin": [-0.5, 0, -0.6]},
			"faces": {
				"north": {"uv": [2.99561, 1, 16.0545, 16], "texture": "#1"},
				"east": {"uv": [2.99561, 1, 16.0545, 16], "texture": "#1"},
				"south": {"uv": [2.99561, 1, 16.0545, 16], "texture": "#1"},
				"west": {"uv": [2.99561, 1, 16.0545, 16], "texture": "#1"},
				"up": {"uv": [2.99561, 1, 16.0545, 16], "texture": "#1"},
				"down": {"uv": [2.99561, 1, 16.0545, 16], "texture": "#1"}
			}
		},
		{
			"from": [7, 14.81177, 2.6336],
			"to": [8, 15.31177, 4.5336],
			"rotation": {"angle": 45, "axis": "x", "origin": [-0.5, -0.28823, -0.9664]},
			"faces": {
				"north": {"uv": [2.99561, 1, 16.0545, 16], "texture": "#1"},
				"east": {"uv": [2.99561, 1, 16.0545, 16], "texture": "#1"},
				"south": {"uv": [2.99561, 1, 16.0545, 16], "texture": "#1"},
				"west": {"uv": [2.99561, 1, 16.0545, 16], "texture": "#1"},
				"up": {"uv": [2.99561, 1, 16.0545, 16], "texture": "#1"},
				"down": {"uv": [2.99561, 1, 16.0545, 16], "texture": "#1"}
			}
		},
		{
			"from": [7, -4, 18.4],
			"to": [8, 0.1, 19.6],
			"rotation": {"angle": -22.5, "axis": "x", "origin": [-0.5, 0, -0.8]},
			"faces": {
				"north": {"uv": [2.99561, 1, 16.0545, 16], "rotation": 180, "texture": "#1"},
				"east": {"uv": [2.99561, 1, 16.0545, 16], "rotation": 270, "texture": "#1"},
				"south": {"uv": [2.99561, 1, 16.0545, 16], "texture": "#1"},
				"west": {"uv": [2.99561, 1, 16.0545, 16], "rotation": 90, "texture": "#1"},
				"up": {"uv": [2.99561, 1, 16.0545, 16], "rotation": 180, "texture": "#1"},
				"down": {"uv": [2.99561, 1, 16.0545, 16], "texture": "#1"}
			}
		},
		{
			"from": [7, 6.7, 15.4],
			"to": [8, 6.9, 17.3],
			"rotation": {"angle": 0, "axis": "x", "origin": [-0.5, 0, -0.9]},
			"faces": {
				"north": {"uv": [2.99561, 1, 16.0545, 16], "texture": "#1"},
				"east": {"uv": [2.99561, 1, 16.0545, 16], "texture": "#1"},
				"south": {"uv": [2.99561, 1, 16.0545, 16], "texture": "#1"},
				"west": {"uv": [2.99561, 1, 16.0545, 16], "texture": "#1"},
				"up": {"uv": [2.99561, 1, 16.0545, 16], "texture": "#1"},
				"down": {"uv": [2.99561, 1, 16.0545, 16], "texture": "#1"}
			}
		},
		{
			"from": [7, -7.2, 16.2],
			"to": [8, -7, 17.2],
			"rotation": {"angle": -45, "axis": "x", "origin": [-0.5, 0, -1.1]},
			"faces": {
				"north": {"uv": [2.99561, 1, 16.0545, 16], "texture": "#1"},
				"east": {"uv": [2.99561, 1, 16.0545, 16], "texture": "#1"},
				"south": {"uv": [2.99561, 1, 16.0545, 16], "texture": "#1"},
				"west": {"uv": [2.99561, 1, 16.0545, 16], "texture": "#1"},
				"up": {"uv": [2.99561, 1, 16.0545, 16], "texture": "#1"},
				"down": {"uv": [2.99561, 1, 16.0545, 16], "texture": "#1"}
			}
		},
		{
			"from": [6.9, -4, 18.4],
			"to": [8.1, -3.8, 19.6],
			"rotation": {"angle": -22.5, "axis": "x", "origin": [-0.5, 0, -0.8]},
			"faces": {
				"north": {"uv": [2.99561, 1, 16.0545, 16], "rotation": 180, "texture": "#1"},
				"east": {"uv": [2.99561, 1, 16.0545, 16], "rotation": 270, "texture": "#1"},
				"south": {"uv": [2.99561, 1, 16.0545, 16], "texture": "#1"},
				"west": {"uv": [2.99561, 1, 16.0545, 16], "rotation": 90, "texture": "#1"},
				"up": {"uv": [2.99561, 1, 16.0545, 16], "rotation": 180, "texture": "#1"},
				"down": {"uv": [2.99561, 1, 16.0545, 16], "texture": "#1"}
			}
		},
		{
			"from": [6.8, 7.5, 16.7],
			"to": [8.2, 8.6, 23.6],
			"rotation": {"angle": 0, "axis": "y", "origin": [-0.5, -0.7, -0.6]},
			"faces": {
				"north": {"uv": [2.99561, 1, 16.0545, 16], "texture": "#1"},
				"east": {"uv": [2.99561, 1, 16.0545, 16], "texture": "#1"},
				"south": {"uv": [2.99561, 1, 16.0545, 16], "texture": "#1"},
				"west": {"uv": [2.99561, 1, 16.0545, 16], "texture": "#1"},
				"up": {"uv": [2.99561, 1, 16.0545, 16], "texture": "#1"},
				"down": {"uv": [2.99561, 1, 16.0545, 16], "texture": "#1"}
			}
		},
		{
			"from": [7, -3.1, 22],
			"to": [8, -1, 22.3],
			"rotation": {"angle": -22.5, "axis": "x", "origin": [-0.5, -0.7, -0.6]},
			"faces": {
				"north": {"uv": [2.99561, 1, 16.0545, 16], "rotation": 180, "texture": "#1"},
				"east": {"uv": [2.99561, 1, 16.0545, 16], "rotation": 270, "texture": "#1"},
				"south": {"uv": [2.99561, 1, 16.0545, 16], "texture": "#1"},
				"west": {"uv": [2.99561, 1, 16.0545, 16], "rotation": 90, "texture": "#1"},
				"up": {"uv": [2.99561, 1, 16.0545, 16], "rotation": 180, "texture": "#1"},
				"down": {"uv": [2.99561, 1, 16.0545, 16], "texture": "#1"}
			}
		},
		{
			"from": [7, 5.6, 21.2],
			"to": [8, 5.9, 23.4],
			"rotation": {"angle": 0, "axis": "y", "origin": [-0.5, -0.7, -0.6]},
			"faces": {
				"north": {"uv": [2.99561, 1, 16.0545, 16], "texture": "#1"},
				"east": {"uv": [2.99561, 1, 16.0545, 16], "texture": "#1"},
				"south": {"uv": [2.99561, 1, 16.0545, 16], "texture": "#1"},
				"west": {"uv": [2.99561, 1, 16.0545, 16], "texture": "#1"},
				"up": {"uv": [2.99561, 1, 16.0545, 16], "texture": "#1"},
				"down": {"uv": [2.99561, 1, 16.0545, 16], "texture": "#1"}
			}
		},
		{
			"from": [7, 5.6, 22.7],
			"to": [8, 7.9, 23.6],
			"rotation": {"angle": 0, "axis": "y", "origin": [-0.5, -0.7, -0.6]},
			"faces": {
				"north": {"uv": [2.99561, 1, 16.0545, 16], "texture": "#1"},
				"east": {"uv": [2.99561, 1, 16.0545, 16], "texture": "#1"},
				"south": {"uv": [2.99561, 1, 16.0545, 16], "texture": "#1"},
				"west": {"uv": [2.99561, 1, 16.0545, 16], "texture": "#1"},
				"up": {"uv": [2.99561, 1, 16.0545, 16], "texture": "#1"},
				"down": {"uv": [2.99561, 1, 16.0545, 16], "texture": "#1"}
			}
		},
		{
			"name": "glass",
			"from": [6.9, 9, 13.3],
			"to": [8.1, 9.8, 13.4],
			"faces": {
				"north": {"uv": [0, 0, 17.2, 15.8], "texture": "#0"},
				"east": {"uv": [0, 0, 1.43333, 15.8], "texture": "#0"},
				"south": {"uv": [0, 0, 17.2, 15.8], "texture": "#0"},
				"west": {"uv": [0, 0, 1.43333, 15.8], "texture": "#0"},
				"up": {"uv": [0, 0, 17.2, 1.975], "texture": "#0"},
				"down": {"uv": [0, 0, 17.2, 1.975], "texture": "#0"}
			}
		},
		{
			"name": "glass",
			"from": [6.9, 9, 10.5],
			"to": [8.1, 9.8, 10.6],
			"faces": {
				"north": {"uv": [0, 0, 17.2, 15.8], "texture": "#0"},
				"east": {"uv": [0, 0, 1.43333, 15.8], "texture": "#0"},
				"south": {"uv": [0, 0, 17.2, 15.8], "texture": "#0"},
				"west": {"uv": [0, 0, 1.43333, 15.8], "texture": "#0"},
				"up": {"uv": [0, 0, 17.2, 1.975], "texture": "#0"},
				"down": {"uv": [0, 0, 17.2, 1.975], "texture": "#0"}
			}
		},
		{
			"from": [6.8, 5.6, 23.5],
			"to": [8.2, 8.6, 24.1],
			"faces": {
				"north": {"uv": [3.1, 2.8, 12.5, 12.3], "texture": "#2"},
				"east": {"uv": [3.1, 2.8, 12.1, 12.3], "texture": "#2"},
				"south": {"uv": [3.1, 2.8, 12.5, 12.3], "texture": "#2"},
				"west": {"uv": [3.1, 2.8, 12.1, 12.3], "texture": "#2"},
				"up": {"uv": [3.1, 2.8, 12.5, 10.3], "texture": "#2"},
				"down": {"uv": [3.1, 2.8, 12.5, 10.3], "texture": "#2"}
			}
		}
	],
	"display": {
		"thirdperson_righthand": {
			"rotation": [-89.5, 0, 0],
			"translation": [0.5, -15.75, 0.25],
			"scale": [1.33, 1.54484, 1.72063]
		},
		"thirdperson_lefthand": {
			"translation": [0, 0, -9]
		},
		"firstperson_righthand": {
			"rotation": [0, -11.5, 0],
			"translation": [-5, 7, 0.75]
		},
		"firstperson_lefthand": {
			"rotation": [-1.09, -20.25, -0.38],
			"translation": [-4.25, 6.75, 0.75]
		},
		"gui": {
			"rotation": [0, 143, 0],
			"translation": [-2.75, 0, 0]
		},
		"head": {
			"translation": [1, -2.75, -23],
			"scale": [2, 2, 2]
		},
		"fixed": {
			"rotation": [58.66, -63.06, 49.05],
			"translation": [2.75, 0, -3.75]
		}
	},
	"groups": [
		0,
		{
			"name": "hexadecagon",
			"origin": [8, 8, 8],
			"color": 0,
			"children": [1, 2, 3, 4, 5, 6, 7, 8]
		},
		{
			"name": "hexadecagon",
			"origin": [8, 8, 8],
			"color": 0,
			"children": [9, 10, 11, 12, 13, 14, 15, 16]
		},
		{
			"name": "octagon",
			"origin": [8, 8, 8],
			"color": 0,
			"children": [17, 18, 19, 20]
		},
		{
			"name": "スコープ",
			"origin": [8, 8, 8],
			"color": 0,
			"children": [21, 22, 23, 24, 25, 26, 27, 28, 29, 30, 31, 32, 33]
		},
		{
			"name": "持ち手",
			"origin": [-0.5, 0, -1.2],
			"color": 0,
			"children": [34, 35, 36, 37, 38, 39, 40, 41]
		},
		42,
		43,
		44,
		45,
		46,
		47,
		48
	]
}