{
    "providers": [
        {
            "type": "bitmap",
            "file": "minecraft:font/heart.png",
            "ascent": 8,
            "height": 9,
            "chars": [
                "\uE000"
            ]
        },
        {
            "type": "bitmap",
            "file": "minecraft:font/shield.png",
            "ascent": 8,
            "height": 9,
            "chars": [
                "\uE001"
            ]
        },
        {
            "type": "bitmap",
            "file": "minecraft:font/black.png",
            "ascent": 64,
            "height": 128,
            "chars": [
                "\uE100"
            ]
        },
        {
            "type": "bitmap",
            "file": "minecraft:font/teleport_frame.png",
            "ascent": 64,
            "height": 128,
            "chars": [
                "\uE101"
            ]
        },
        {
            "type": "bitmap",
            "file": "minecraft:font/allium.png",
            "ascent": 8,
            "height": 9,
            "chars": [
                "\uE201"
            ]
        },
        {
            "type": "bitmap",
            "file": "minecraft:font/blue_orchid.png",
            "ascent": 8,
            "height": 9,
            "chars": [
                "\uE202"
            ]
        },
        {
            "type": "bitmap",
            "file": "minecraft:font/dead_bush.png",
            "ascent": 8,
            "height": 9,
            "chars": [
                "\uE203"
            ]
        },
        {
            "type": "bitmap",
            "file": "minecraft:font/honeycomb.png",
            "ascent": 8,
            "height": 9,
            "chars": [
                "\uE204"
            ]
        },
        {
            "type": "bitmap",
            "file": "minecraft:font/oak_planks.png",
            "ascent": 8,
            "height": 9,
            "chars": [
                "\uE205"
            ]
        },
        {
            "type": "bitmap",
            "file": "minecraft:font/right_arrow.png",
            "ascent": 8,
            "height": 9,
            "chars": [
                "\uE206"
            ]
        },
        {
            "type": "bitmap",
            "file": "minecraft:font/stick.png",
            "ascent": 8,
            "height": 9,
            "chars": [
                "\uE207"
            ]
        },
        {
            "type": "bitmap",
            "file": "minecraft:font/iron_ingot.png",
            "ascent": 8,
            "height": 9,
            "chars": [
                "\uE208"
            ]
        },
        {
            "type": "bitmap",
            "file": "minecraft:font/iron_ore.png",
            "ascent": 8,
            "height": 9,
            "chars": [
                "\uE209"
            ]
        }
        
    ]
}